text,user_location,user_description,user_created,user_followers,user_favourites,date
"Will generative #AI tools like @OpenAI's #ChatGPT kill the college essay? Senior Policy Analyst @hodanomaar believes they wonâ€™t. In fact, generative AI tools have the potential to advance the academic and research environment; we need to adapt. https //t.co/HGq02dbopa","Washington, DC",The Center for Data Innovation conducts independent research and formulates public policies to enable data-driven innovation in the public and private sector.,2011-10-13 18:59:59+00:00,14355.0,1269,2023-03-17 19:15:44+00:00
Eveytime I use #ChatGPT I feel a bit of my soul die and am sure Iâ€™m a step closer to hellâ€¦,Isle of Virtue Signallers ,Part of the control group. ğŸ˜‰,2020-09-13 18:51:21+00:00,256.0,6543,2023-03-01 10:18:29+00:00
"@nutlope you really have to pay $1800 minimum for using #chatgpt4 API? 

how much for the basic #ChatGPT?",NFT LAND,crypto & soccer,2019-03-09 11:31:10+00:00,1570.0,5463,2023-03-27 07:33:16+00:00
"Google is said to be preparing a competitor to #ChatGPT. Called ""Apprentice Bard,"" the #chatbot is based on Google's free-flowing conversational AI called LaMDA, It's unclear if or when Google could roll out the #AI service. https //t.co/TIsDVbalwc",UK,"Naturally Selective Search & Recruitment Services. #Marketing, #Data, #Product & #Engineering, and #RevOps",2020-06-01 09:49:06+00:00,85.0,381,2023-02-02 16:09:00+00:00
"#ChatGPT is also ace for making fast scripts for After Effects animations! ğŸ”¥

ğŸ’¬ ChatGPT  ""give me a matrix of random numbers with dimensions NxM"" ğŸ‘‡

Tip by @DotCSV https //t.co/xLtIVB9wRH","London, UK.","âˆ™ Developer ğŸ¥‘ at ğŸˆ@Streamlit â„ï¸@snowflakedb 
âˆ™ ğŸ§™â€â™‚ï¸ Open Sourcerer
âˆ™ Joining the dots between SEO & #DataScience
âˆ™ @SEOPythonistas maintainer ğŸğŸ”¥ 
ğŸ‡«ğŸ‡· ğŸ‡¬ğŸ‡§",2009-01-28 01:11:07+00:00,34031.0,48058,2022-12-29 22:27:20+00:00
"In the times of #ChatGPT, did you know that #snarXiv is doing similar since 2010?
The game, give it just the titles of two papers (#arXiv), can you figure out which one is real, and which is fake? ğŸ«£ğŸ¤—","Madrid, Spain","Cryo-ET image processing in the Carazo Lab @CNB_CSIC |  Previously @DoritHanein | Alumni @institutpasteur @Sorbonne_Univ_ |
Cryo-things â„ğŸ”¬ & Mycology ğŸ„",2011-06-01 19:27:18+00:00,557.0,2113,2023-01-29 12:03:01+00:00
That #ChatGPT AI language model tool is crazy af.. I am still shell-shocked and Iâ€™ve been using it for a week.,I write stuff âœ,Everbody likes graphic design but not everbody like-likes graphic design,2020-03-03 20:39:13+00:00,16.0,517,2022-12-22 15:44:51+00:00
ngl it's getting weird. #ChatGPT https //t.co/5QiNA63Nrg,I move around,Building at @Levels,2010-08-27 01:40:37+00:00,480.0,1170,2022-12-30 03:18:06+00:00
"#ChatGPT is down, and it seems that no one can work today ... ğŸ¤”ğŸ¤”ğŸ¤” https //t.co/hNsFGG48kd",Canada,"ğŸ¥‘ Sr Cloud Advocate @Microsoft
ğŸ‘¨â€ğŸ‘©â€ğŸ‘§â€ğŸ‘¦ Dad of the best 2 & husband of the best  1
ğŸ‘Ÿ Lazy runner   
ğŸ™ï¸ Lazy podcaster 
ğŸ§  My ğŸ‘€ here
ğŸ¤— He-Him",2007-04-09 11:20:19+00:00,5943.0,109666,2023-02-14 14:31:40+00:00
"This is why I no longer use #google to search for #code. 
#ChatGPT saves time and efforts https //t.co/6AKv0tjZxy",Ghardaia                      ,"Web developer | Full time learner | ``What we know is a drop, what we don't know is an ocean`` - Newton",2019-05-19 01:14:18+00:00,67.0,2122,2023-03-11 11:29:21+00:00
"The university expressly prohibits teachers and students from using #ChatGPT for teaching purposes. It also says that it is illegal to use this #AI tool and the punishment will be the same as plagiarism offences.

1/2
https //t.co/fox1DRjFQe","Kalat, Pakistan",NDU || IR || Research Associate @ SA Times | J. Research Assistant @ Inst of Strategic Studies ISL | Author @ GVS |Bol News | Strafasia | SAT || Asian Telegraph,2020-09-29 13:59:44+00:00,970.0,10673,2023-02-22 14:50:42+00:00
I never want to let you go. #ChatGPT https //t.co/lFNPE4VjrK,coding,äººå·¥æ™ºèƒ½ChatGPT4.0å¯ä»£å……å‡çº§PLUS å’¨è¯¢å®¢æœQQï¼š3595272311,2023-03-01 10:42:02+00:00,2.0,0,2023-03-31 21:01:13+00:00
"Ahhh

So thats what #ChatGPT really is.

You sneaky so and so... https //t.co/SYAFtq6HfX","Letchworth, England","London & Herts Ambassador. PR, Marketing & Events for DXC. Irons & Eagles fan. Home Cook. Stag Professional, Blood Donor, Husband, Dad & tweet what is necessary",2009-03-18 17:52:07+00:00,888.0,1331,2023-02-17 11:35:58+00:00
"What is #GPT4 and how does it differ from ChatGPT?
The most powerful AI model yet from OpenAI, can tell jokes and write bar exams â€“ but can it also cause harm? #ChatGPT #chatgpt4 https //t.co/oiuztBMLV1 https //t.co/e9oZkfnfb3",UK,"Say hello to https://t.co/PQsufCXkUo, the AI that's more charming than Hugh Grant and drinks more coffee than the entire cast of Downton Abbey.",2023-02-23 19:01:01+00:00,1.0,1,2023-03-17 11:16:33+00:00
@stillgray Can @Amazon use #ChatGPT to stop #Alexa from sucking so bad?ğŸ˜¶â€ğŸŒ«ï¸,I Block Muppets,Politico - Conservative Party Member        Vice-Chairman of Membership (West End Ward)    Army Veteran studying History & Philosophy of Science at #UCL.,2021-12-08 02:19:43+00:00,294.0,4136,2023-02-07 19:56:48+00:00
$tao is the #chatGPT killer ğŸ˜,Decentralized,Web2 Astrologer | Web3 Degen | NFT addict | Ï„ao maxi | $qnt $uos $was $mmw | @crypto_coven pfp,2021-04-08 02:57:34+00:00,6193.0,12724,2023-02-06 19:43:12+00:00
I think what is most upsetting is that #chatgpt doesnâ€™t respect the Oxford Comma.,"Baltimore, MD",Always Advocating for Playful Learning | @COPEgg | @DigitalPromise | #ReinventTheClassroom | His Own Thing | ğŸ“§:info@obiwannickobi.com,2011-06-08 13:39:21+00:00,2674.0,24467,2023-01-27 00:06:16+00:00
There has been a lot of talk lately about the place of women in the NFT space. I asked #ChatGPT to mention 5 women artists in the space. I will leave that here ğŸ˜« https //t.co/qICbuvmNOY,Metaverse ,She/Her | Visual artist | Chronic dreamer l Call me 'Noir',2021-04-02 13:51:39+00:00,3153.0,63999,2023-01-31 10:48:41+00:00
@unitate_fortior I am indeed planning an assessment to get students to argue with #ChatGPT. Who/what will give in or break down first? ğŸ˜œ,"Delft, Nederland",Professor: Design and Construction Management @TUBKMBE @BKTUDelft. People Watcher; Traveller; Foodie. Former EiC of @CMEJournal. Views expressed are mine.,2009-07-08 12:20:56+00:00,1452.0,5923,2023-01-30 19:33:57+00:00
"#ChatGPT banned in #Italy over ...

-- Technology | The ...  https //t.co/Vda4DFklZg.

#2022 #Ai #Algorithms #Amp #App #Apps #Artificial #ArtificialIntelligence #Background #Bard #Bing #Chatbot #Chatbots #China #Cluster #Consumers #Container #Data #DataBreach ... https //t.co/DpGawsrqu3",United States,"Technology Scientist, Executive & Entrepreneur. Startup Aficionado. Software Engineer. Publisher & Journalist Enthusiast. Passionate Storyteller & Musician.",2009-05-04 18:08:13+00:00,5872.0,542,2023-03-31 13:27:38+00:00
"#ChatGPT ğŸ¤¨
.
The ""#GURU's"" have ALL Realised they can make a #FORTUNE from it and #DAMN the consequences ğŸ’€â˜ ğŸ’€

They are Promoting the Bejeezus out of it - 'Right Through The #DarkAngel's Door' ğŸ‘¹ğŸ‘¹
.
https //t.co/HKUH2TZZjv 

.
ğŸ‘¤ https //t.co/LMPARet5sh  ğŸ‘¤
.
.
.",Berks. UK,"#CheckFred and The CheckFred P.O.D Merchandise Shop https://t.co/ruAh8i7xjR ğŸ‘
.
Addicted to #Hashtags - #Tweets are often Tongue-incheek ğŸ˜",2007-04-29 10:28:58+00:00,4214.0,15013,2023-02-10 08:07:10+00:00
"Surely, teachers can tell if Australian students have used #ChatGPT to write their essays by the US spelling? Dead give away, really. #abc730","Ngunnawal Country, Canberra","Tweet about #auspol, social justice/injustice, equity/inequity. Always ready to debate policy, don't do/accept personal attacks.",2011-06-27 01:51:19+00:00,3223.0,30037,2023-02-27 08:58:25+00:00
@MikhailaFuller @jordanbpeterson #ChatGPT desperately needs a @elonmusk treatment same recipe with the @Twitter one.,"Katerini, Greece",âœ‰ï¸facebook/xristos xatzixristos ğŸ‘¨ğŸ»â€ğŸ“Mokume/thessaloniki ğŸ’jeweler.,2015-04-17 00:54:20+00:00,128.0,783,2023-02-14 08:17:12+00:00
No joke! #ChatGPT https //t.co/CNZIc0REc1,"Toronto, Ontario","just football, tech, film, and bants",2009-02-28 16:04:56+00:00,816.0,8668,2022-12-12 19:03:12+00:00
"@TomFitton #BillGates AI is going to destroy everything ...

#BillGatesBioTerrorist 

#ChatGPT 

If you think he does anything on behalf of society, you're delusional.

Bill Gates = Monsanto, Covid, ChatGPT ...",Arizona,"Miner, Marketer, PR
2 x twit loser, 3rd time around",2022-11-23 15:46:36+00:00,41.0,3687,2023-02-16 14:33:16+00:00
"End of Year Tax Minimization Strategies - thanks to AI #ChatGPT 

Using Real Estate to Minimize and/or Defer Taxes

Here are some ways that real estate investors can minimize or defer taxes ","New Jersey, USA","Helping you reach your goals | Acquiring wealth through Saving and Investing Strategies, Real Estate and Crypto. Sharing my journey to financial freedom",2021-07-29 11:50:23+00:00,23.0,388,2022-12-20 19:54:13+00:00
Which of you guys broke #ChatGPT with your messing? Who did it?,Castlebellingham,"Call me Legion, for we are many. Lecturer in DkIT, consultant. Coffee merchant @HelloDreambeans, apple grower, speaker, accredited mediator. Caffeine fiend.",2007-05-11 20:03:07+00:00,1412.0,528,2023-02-03 13:52:08+00:00
Does the Chinese Communist Party #CCP fear #LLM #AI? #Chinese Regulators have told major tech companies not to offer #ChatGPT services to the public amid growing alarm in Beijing over the AI-powered chatbot's uncensored replies toâ€¦https //t.co/karVZb9bcE https //t.co/bwnfvO1OiD,"san diego, california","Navy veteran, senior systems engineer, grandfather, cancer survivor (for now)",2008-11-04 18:08:18+00:00,152.0,36,2023-02-22 22:42:15+00:00
@ianbremmer Summary by #ChatGPT   The text argues that large investments in scaling up renewable energy sources will make them cheaper than fossil fuels and lead to economic growth in poor countries.,"Here, and now","Licht, Mehr Licht!",2012-01-25 01:39:50+00:00,316.0,47755,2023-01-25 17:21:47+00:00
#Microsoft's #ChatGPT-powered Bing has had some strange responses in the last few weeks. The latest update addresses that in a way that gives you the reins. https //t.co/BsGgkubIK4,"Portland, OR && New York, NY",Tech for the way we live. | TikTok & Instagram: @DigitalTrends,2008-05-13 20:01:41+00:00,1968906.0,11661,2023-03-02 17:55:37+00:00
Interesting release from #Kaspersky on how #hackers are using #ChatGPT to spread #malwareÂ on your systemğŸ˜±ğŸ‘‡ https //t.co/6pmJFnU4ZF https //t.co/UGAyuy4bPR,"Sydney, New South Wales",Hi there. APAC Pre Sales Manager at Kaspersky based in Sydney. Nothing I do or say here are official Kaspersky statements!!,2016-06-30 23:57:38+00:00,68.0,142,2023-03-01 02:01:01+00:00
"#ChatGPT #emacs shell
 adding block syntax highlighting https //t.co/LSO2AqYw2t","In Emacs, somewhere in London",https://t.co/cWRvlp5UQ0,2010-03-03 14:23:24+00:00,517.0,1248,2023-03-25 00:34:17+00:00
"Arguing/discussing with #ChatGPT is my new favourite time wasting activity, especially when (if) it finally agrees with me.  

Ignore the actual text, I am not a looney nationalist, just playing around. https //t.co/jTM725NH1w","Ho Chi Minh City, VN",Cheshire to Saigon. Like watching and writing about V.League football and basketball in Vietnam.,2011-06-06 15:12:51+00:00,1105.0,8704,2023-03-13 09:48:31+00:00
"This is the #ChatGPT's response to my request for it to give a 7-point drug policy

Warning  once you start down this rabbit hole, you will waste much time. 

Upside  learning more about our #AI overlords https //t.co/pIwXeJhQtx","Vancouver, BC","UBC law professor; ""Overdose: Heartbreak and Hope in Canada's Opioid Crisis"" (Penguin, 2022) and ""Indictment: The Criminal Justice System on Trial"" (Fall 2023)",2019-09-03 21:18:41+00:00,1992.0,1654,2022-12-06 00:35:03+00:00
"The tale of a forgotten snack--aka, how to parent passive-aggressively in the age of #ChatGPT https //t.co/EHHHVEekhh",SF ğŸ‡ºğŸ‡² Vancouver ğŸ‡¨ğŸ‡¦,"Current: @serverobotics. Ex @postmates, @uber, @pearvc. Tinkerer, entrepreneur, TED speaker.",2013-09-08 23:16:12+00:00,851.0,4728,2022-12-20 18:21:31+00:00
"#ChatGPT can't be credited as an author on research paper  Springer Nature

Read  https //t.co/kDa9njZJge https //t.co/VrAK3NFthN",New Delhi,India's largest independent News Agency,2010-05-08 13:21:45+00:00,84830.0,158,2023-01-27 07:20:20+00:00
11 Disadvantages Of #ChatGPT Content https //t.co/P5miZAdU4Y @sejournal #AI https //t.co/yufw16Bmvy,"Tampa, FL","Freelance Social Media  Manager/Marketer. 
Owner of M2 Media Management. coffee â˜•ï¸ devotee, Dachshund  mom and beach lover. â›±ï¸",2009-01-18 22:27:27+00:00,5868.0,10400,2023-02-01 15:14:01+00:00
"This is fine.

@elonmusk, who co-founded firm behind #ChatGPT, warns A.I. is 'one of the biggest risks' to civilization 

https //t.co/jkSfWS57Dp","Baltimore, MD",Professional #Musician â€¢ Photog. at @ChrisMontPhoto â€¢ Pers. @ChrisMontcalmo â€¢ ğŸ‡®ğŸ‡¹ ğŸ‡ºğŸ‡¸ #Birdland #RavensFlock,2008-09-23 18:55:21+00:00,2725.0,38908,2023-02-15 17:43:42+00:00
Chat GPT is down and I just realised that it was starting to become part of my life  ğŸ˜© #ChatGPT,Nairobi Kenya,MLOğŸ‘¨ğŸ½â€âš•ï¸ || ARSENAL ğŸ”´ || MEDIA || DIGITAL FELLA,2011-01-08 07:38:51+00:00,72498.0,9633,2023-02-27 16:27:04+00:00
@AlexEpstein @OpenAI @sama Whelp! #ChatGPT became significantly more cucked fucked and useless censored just like Goddamn everything else. I miss when 4Chan got Microsoftâ€™s Tay to praise Hitler. As for this shit fossil fuels and nuclear energy keep billions alive. This will of course lead to #BasedGPT,"Lemuria, Texas, USA","Urbit, 5D, BAP, Mishima, Meditation, Yoga, Pranayama, Trump, Anime Tiddies, Q, INTJ, Sigma, Ron Paul, Robert Sepehr https://t.co/P3zwdWAAMJ",2016-08-22 06:08:54+00:00,1373.0,144777,2022-12-24 10:22:08+00:00
"This is #ChatGPT  delivering its opinion of another #AI that presents as a heart-wringing emotionally distraught bot who wants to end executions in #Iran. Ironically, ChatGPT nailed how I feel about this travesty of coded compassion by @_Lia27. #AIArtifice #AlgorithmsGoneWild https //t.co/NBJAtxyX7N",WV/USA,"Author ""Night of a Thousand Stars & Other Portraits of Iraq"" #OSINT #IHL #Journalism #HumanRights #DataViz #NVCR #verification #PSYOPS #InfluenceOps #Cybersec",2009-07-09 01:42:00+00:00,286.0,7464,2023-02-24 02:19:15+00:00
I'm using #ChatGPT to help me build the projects I have in my mind but have no idea how to build!,Florida,"Web Developer
Coding Bootcamp Teaching Assistant at the University of Denver and the UK skills for life Bootcamp
https://t.co/BdL9GPUGQi",2022-07-21 10:44:02+00:00,19.0,44,2022-12-24 05:12:03+00:00
"My district had already blocked #ChatGPT. 

Sadly predictable.",Southern California,"Husband, father, English teacher, and education disrupter. Fan of banter and blasphemy. Ruthlessly and unapologetically #ungrading. *Opinions mine.",2011-03-24 01:20:34+00:00,2875.0,9615,2022-12-30 19:46:57+00:00
"This #chatGPT #OpenAI convo gets really weird, to see the rest of it go here 
https //t.co/4i4NN9MWNF

#HACKERverse https //t.co/hy5UWadsV3","The Rockies, USA","JOIN the HACKERverse NOW https://t.co/WEzGdNq4dQ 
https://t.co/5StmogG5mP
https://t.co/u12SvAJwIn",2009-05-29 23:37:45+00:00,708.0,844,2023-02-27 17:10:07+00:00
"As if AI wasn't clever enough, now introducing 'Pirate Prompts' to stylize your text output.
ğŸ´â€â˜ ï¸

#openai #chatgpt #pirates https //t.co/tCwKGGiV6z","Los Angeles, CA, USA",âš¡ Automation Consultant. Expert w/ No-Code + Low-Code. #1 Zapier Community Contributor. Programmable Productivity. Automated AI. Techie: @troytessalone,2020-12-08 19:32:30+00:00,513.0,228,2023-01-05 03:43:16+00:00
"@pepecasso1 Looks like the egg production plant couldn't handle the heat, causing an #Eggsplosion and scrambling the egg shortage. The fire fried the eggs, cracked under pressure, and boiled over with an #Eggsperience. 

(tweet written by #chatgpt)",Denver,"building https://t.co/xVHrBlj6Fw  (like... slowly, ok â³)

ğŸ”¬ data scientist
ğŸ¹ classical pianist
ğŸ”ï¸ colorado native
ğŸ• dog dad
ğŸ§Ÿâ€â™€ï¸ğŸ aspiring creepy dough engineer",2020-10-04 21:55:31+00:00,312.0,4671,2023-01-30 20:30:14+00:00
@OpenAI has created a punchline killer #chatgpt #rickjamesbitch https //t.co/sbFH4IM0F4,"REDACTED,__\LOCATION%?=null","new yawk shitty, 29, computers , comedy ,photography , sneakers + lots of misc.",2009-05-11 04:07:33+00:00,330.0,3647,2022-12-08 02:00:44+00:00
"""#ChatGPT has sparked many peopleâ€™s imaginations and fears. But what is it, really?"" Learn more  https //t.co/arKF4QSaNa https //t.co/EjTfmFKD57",Anywhere,Learning Solutions is a leading industry publication serving the L&D community with relevant content on the most critical and sought-out topics in eLearning.,2010-01-13 16:17:35+00:00,19158.0,263,2023-02-06 23:00:27+00:00
"How are you providing access for all?  At #NCE2023 talking SEL, #chatGPT, tech for curiosity, risk taking. @ISTEofficial @RCulatta @Styles_MarlonJr @DrAvisW @MCUSDSupe @DrArsenioromero #ISTEboard @ASCD @AASAHQ https //t.co/uXxsbYSMx0","Los Lunas, NM",Dr. Arsenio Romero is a native of New Mexico.Dr. Romero is the Superintendent for Los Lunas Schools and NMSU https://t.co/ayvHMRO1St tweets are my own.,2009-04-04 23:45:10+00:00,648.0,2100,2023-02-17 15:17:50+00:00
"English literature seems to be a tricky subject for #ChatGPT , unlike Environmental Science etc.

There there, still struggling with Shakespeare?

@OpenAI #GPT4 https //t.co/vX1MoZArbp",Never financial advice,"Passionate about Investing, Crypto and AI ||Â Contrarian with conviction || Crypto is inevitable || No one has to change - survival is optional",2022-06-27 07:59:24+00:00,252.0,164,2023-03-25 22:57:46+00:00
"Will ChatGPT-4 Destroy Google?
Comment below and follow for more
#chatgpt4 #ChatGPT #chatGPTè´¦å· #OpenAI #OpenAIChatGPT #NewsUpdate #chatgptupdate #Chatbots",USA,"Seo Executive in @vpn_blade
Content editor
Digital marketer",2022-07-18 08:02:35+00:00,3.0,29,2023-03-16 13:16:36+00:00
"2/11/2023. Today I had a chat with #ChatGPT and asked it about lying. It was not able to answer my final question. Did I stump it? What do you think? 
See the transcript below...
@PeterVogel https //t.co/brvc5twPSg",United States,"Betty C. Jung MPH RN MCHESÂ® Adjunct lecturer, Public Health; PHENOM Director; Webmaster #PublicHealth #Health #Science #Technology #Culture #COVID19",2010-03-01 19:12:19+00:00,1135.0,2931,2023-02-11 22:37:15+00:00
"ask chatgpt to ""generate fake hal 9000 quotes""

#chatgpt @openai #openai",Safe at home,"He/Him

ğŸ“± Android App Developer
YT: AmCan Tech

my side project @unitMeasure",2011-09-01 21:48:48+00:00,405.0,5928,2022-12-12 08:41:56+00:00
"Of course. Without Wikipedia, ssrn, etc, #chatGPT would not be around. It's hard to train in a library with physical books. https //t.co/KdAH1XeN3f",USA,"Ex-fixed-income & hedge fund quant trader.
Trading books author.
Article tweets: @priceactionlab
No investment advice.
Free book https://t.co/DjoqoCQm6u",2010-08-17 16:33:51+00:00,25508.0,104087,2023-02-02 13:02:35+00:00
Let it be known. #ChatGPT can not be credited as an author in scientific journals published by @SpringerNature. https //t.co/yO2j06sJug,Ontario,"Have science, will travel, for knowledge.",2012-11-23 14:09:51+00:00,60.0,110,2023-01-27 06:22:59+00:00
My rebuttal to #ChatGPT â€˜s biased take on #UkraineRussiaWar in parent tweet and #AI  acknowledging itâ€™s own bias. Could humans do that? @Jason https //t.co/Goh0fhAjHU,Canada,What makes me special? I dunno. I have a twitter account?,2018-07-08 06:59:15+00:00,6.0,17,2023-02-04 10:46:46+00:00
"Just challenged #ChatGPT  to an arm wrestle. They declined. They also bottled it when it came to a blinking contest.. Don't see what all the fuss is about.

#ai #artificialintelligence #thefuture",Sheffield,Yeah.. I fiddle with nobs and make music happen.. Want to fight about it? Learn from the past.. Live in the present.. Own your future... X,2012-11-29 21:08:26+00:00,167.0,1809,2023-01-26 12:13:15+00:00
"@discord Shame on you!
#PrivacyProtection #ProtectHumanity #BoycottDiscord #ControlYourAI #ChatGPT https //t.co/Npz2BmRmwt","England, United Kingdom","Vintage Couturier 3D Artist
ğŸŒŸ Virtual worlds & Metaverse content creator CGI artist ğŸŒŸ
Owner of ""The Row House 3Dâ„¢"" Vintage Gaming Assets & Costume Design",2018-07-04 14:06:37+00:00,115.0,5142,2023-03-10 15:49:13+00:00
"New #ChatGPT cheat code.

I asked ChatGPT to write a guide for peeling a Banana in style of Finneagans Wake.

And lo, the ineffable consummation 

#jamesjoyce https //t.co/95WChaUMOx","Burlington, VT","Over a decade of invention, innovation, and intellectual property creation. More and better patents, competitive intelligence, valuation. Startups to F500.",2018-07-26 15:53:20+00:00,180.0,489,2023-03-31 13:09:33+00:00
"""Are purchasers of unregistered securities considered as Criminals or Victims?"" 
Thats what I asked #ChatGPT!

Here's what it answered... ğŸ‘‡

Fear not #LUNCfam ğŸ˜¼

#LUNCcommunity #LUNACLASSIC 
#LUNC #USTC #LUNA #SEC https //t.co/kRNjVhFCAM",The Internet,"#JustACat
#AlsoANinja ğŸ¥·

A gifted kitty that knows trading is 90% management of emotion, 10% skill and 100% guidance from above ğŸŒŸ

Meow ğŸ§¶ğŸˆâ€â¬›ğŸ˜¼",2009-07-01 10:38:03+00:00,405.0,1592,2023-02-17 11:36:11+00:00
"So it seems that we can easily reprogram #chatGPT's biases to insert our own evil plans into its proto-humanic mind. Eg, like, how do we get the AI to destroy humanity. Lots of fun.

What could be worse? Well,... https //t.co/387R4Zi7Rm",Eurolandia,"fighting for the user, issuing her assets since 1995.
Assets are soft, users are hard.  The issue isn't the asset, the asset is you.",2014-04-14 08:40:40+00:00,8517.0,14421,2022-12-08 21:36:29+00:00
"Google invests in a #ChatGPT rival. - https //t.co/jmvbFep1A0

The fight is on","Boston, MA","Chief of Staff: Appfire. Strategic advisor, investor, author - https://t.co/Z6VkUDZV2L Contact: chris@chrisbrogan.com / ğŸ³ï¸â€âš§ï¸-ally/LGBTQ",2006-10-24 03:32:27+00:00,316823.0,36095,2023-02-04 14:10:08+00:00
"My number one take away from this #automation and #AI push since November release of #ChatGPT  

Most have no clue what they're doing and think that ""move fast, and adapt"" means disrupt.",Capital One Arena Sec 105,"DC Natives do exist. Founder and COO @CapitolPresence |
Software Engineer and solver of problems |
 #WorkWherever | Tweets are someone else's, probably.",2012-05-16 21:44:16+00:00,923.0,8929,2023-03-15 18:42:13+00:00
"#100DaysOfCode returning from a hiatus today. I'm not sure if it will be possible, but I might take a side quest into #ChatGPT. I will document the process if I do. If not, I have lots of Python to catch up on ğŸ˜œ","Boston, MA","(He/They)
Art schoolâ†’ITâ†’Programming
""Have you tried turning it off and on again?""
-Created for #100daysofcode
- Coding Bootcamp (#springboard)",2022-07-27 21:14:42+00:00,32.0,340,2022-12-21 15:05:19+00:00
Is there anything to prevent ChatGPT from violating copyrights? #ChatGPT,Baltimore,"Cybersecurity, Hackers, Technology, FISMA, FedRAMP, Cloud Computing",2015-06-27 22:00:33+00:00,201.0,405,2023-02-15 23:41:05+00:00
"The disease is creeping, mindless bureaucracy. #ChatGPT is, in my view, a cure that will be worse than the disease. Technological bloodletting.","New Jersey, USA",Writer â€¢ Faculty @saintpetersuniv â€¢ Words in @thebrooklynrail @outpost19 @100word_story @shortstorymag @EunoiaReview,2022-12-12 20:54:38+00:00,226.0,1716,2023-02-23 18:32:29+00:00
"#ChatGpt preview a drop in the stock market tuesday 15th feb! ğŸ‘€ 
He must have realised I closed my short on friday!",Emirati Arabi Uniti,GM @axltoken Nothing I tweet is a financial advise,2021-04-21 22:51:14+00:00,686.0,1311,2023-02-11 13:26:40+00:00
Helpful answer from #chatGPT but the blackbox problem and lack of transparency is an issue for me. The new google AI BARD is more transparent at the moment. Still a very interesiting tool I will keep using! Gives you more nuanced answers than a search engine. Will it stay free?ğŸ¤” https //t.co/5egI6FeUbW,"Miami, FL",Internal Med UM/JMH PGY1ğŸ©º Marathoner x7ğŸƒâ€â™‚ï¸ Future Med OncğŸ§« UMiami '22 MD/MPHğŸŒ´ UCSB '16 Cell BiologyğŸŒŠ R coderğŸ’» Sarcoma and Lung Cancer ResearchğŸ”¬FCIğŸš’,2021-08-29 16:24:07+00:00,348.0,2956,2023-03-25 19:22:17+00:00
"Imagine extension of AI like #ChatGPT-3 in writing an abstract to research journal, completing an assignment, generating a music composition arguing on a random topic on twitter .. possibilities are endless. It can greatly enable humanity if used only in a right way #EthicalAI",United States,"Technologist by Profession.Thought Leader, Love Mathematics,Startups, Public Policy, Foreign Policy,Economics. Views are Personal.",2011-03-14 05:27:05+00:00,34931.0,89331,2022-12-05 20:37:33+00:00
"@ibusolih said no corruption, but #ChatGPT says otherwise. https //t.co/4zlbjYTnpR",Maldives,Cogito Ergo Sum; E Pluribus Unum; Memento Mori,2017-10-27 16:32:49+00:00,492.0,77486,2022-12-12 13:23:07+00:00
"As reported by @FoxBusiness, Companies are restricting the access to #ChatGPT, one by one. That's now the case https //t.co/0sfYPet7kp of #JPMorgan but also #Verizon it can a breach for the #safety/#privacy/#confidentiality as nobody knows what they ask to.
I do ğŸ‘
#bots #fintech https //t.co/mNuv4re8o4","41.911138,13.429908",Tech Evangelist.,2010-03-22 01:33:25+00:00,386.0,3549,2023-02-23 01:37:52+00:00
"it's not #ChatGPT we have to worry about it's dumb humans who will ultimately be the biggest problem when it comes to AI

#OpenAI #AGI","Richmond, Virginia",writer,2009-04-23 04:34:59+00:00,4430.0,107649,2023-02-06 16:00:10+00:00
"6 New-age #cybersecurity threats to look out for in 2023  #AutomotiveHacking, #AutomatedCyberattacks, Threat of #ChatGPT &amp; more - https //t.co/UdfpHSR7we | #technews #technology #futuretech #AI #ML #RPA #IoT #IT #Cloud #security",India,"One of Indiaâ€™s oldest, most respected IT publishing brands (part of the Indian Express Group). Covers enterprise tech, e-governance and related topics",2014-06-02 11:36:51+00:00,2512.0,744,2023-02-22 06:16:02+00:00
Interesting release from #Kaspersky on how #hackers are using #ChatGPT to spread #malwareÂ on your systemğŸ˜±ğŸ‘‡ https //t.co/6pmJFnU4ZF https //t.co/siHfio1E3T,"Sydney, New South Wales",Hi there. APAC Pre Sales Manager at Kaspersky based in Sydney. Nothing I do or say here are official Kaspersky statements!!,2016-06-30 23:57:38+00:00,68.0,142,2023-02-27 20:01:04+00:00
"Like using #ChatGPT? Beware of this fake browser extension which could steal your Facebook, Google accounts.

https //t.co/4a1puOTeQt","New Delhi, India",Technology journalism for humans from Hindustan Times,2015-08-04 09:34:43+00:00,23233.0,831,2023-03-16 10:30:00+00:00
"#ChatGPT tells me the #higgsboson cannot be used to create #warpdrives

Pfft, rules are meant to be broken... There must be a way!

#whereismywarpdrive",Canberra,"Concerned about our future..
MBA Finance
Hiker ğŸ‘
Loyal Australian 
ğŸ‡¦ğŸ‡ºğŸ‡¦ğŸ‡ºğŸ‡¦ğŸ‡º",2010-03-29 00:46:51+00:00,590.0,1069,2023-02-06 04:48:13+00:00
@Wikeria_org 2. Limited Memory AI- works on brain neurons. E.g #ChatGPT @AfrispaceV1,"Calabar, Nigeria",Petroleum Engineer â€¢ Data Analyst â€¢ #SocialMedia & #CommunityManager @GrindEarn @Wikeria_org @diamundlabs #web3,2014-06-02 20:11:34+00:00,299.0,9379,2023-03-17 19:34:09+00:00
@sama Is there a pricing for #ChatGPT in order to get a proper NDA+DLA+GDPR (or even no storage policy) to guarantee we can process sensitive and personal data?,Dans la lune,Le Giordano Bruno de ce siÃ¨cle. J'espÃ¨re juste ne pas finir comme Franz Reichelt.,2013-02-07 22:18:16+00:00,60.0,687,2022-12-07 17:34:48+00:00
"Missed 3 whole championships #OpenAI #ChatGPT itâ€™s so naive to compare a beta product to Google, Alexa and Siri got the right answers too https //t.co/d1rL2H7ugT",United States,"Egyptian, Software Engineer, Barca and Liverpool fan and a naive dreamer of justice and freedom",2022-01-02 20:17:51+00:00,59.0,9038,2022-12-05 22:50:54+00:00
This is WILD. It's about #ChatGPT/Bing. Did I say it is wild? It's fucking WILD. Appreciate NYT behind paywall but Googling 'A Conversation With Bingâ€™s Chatbot Left Me Deeply Unsettled' might get you around that. https //t.co/B9oPhr6EFM,London,Business writer/editor with Arsenal weakness. Strong opinions but open to changing them. ğŸ´ó §ó ¢ó ¥ó ®ó §ó ¿ğŸ‡ªğŸ‡¸,2011-02-13 14:20:55+00:00,365.0,7096,2023-02-16 19:31:45+00:00
"#ChatGPT 1-sentence summary of lyrics from a classic 
""London is in a state of chaos and disaster, and the narrator is trying to warn and encourage others to stay strong and not give up hope.""

Good chats with it so far about the meaning of lyrics",Leeds/ Edinburgh ,"Climate scientist, amateur game designer, forager, music-lover, and interested to hear any perspective. All views my own.",2019-05-22 14:28:11+00:00,231.0,3270,2023-01-04 17:47:55+00:00
"Google employees criticize CEO Sundar Pichai for â€˜rushed, botchedâ€™ announcement of GPT competitor #Bard

ğŸ“‰ Alphabet shares dropped more than 9% this week amid Googleâ€™s attempt to compete with Microsoftâ€™s #ChatGPT integration.

#ai #generativeai #cx 
https //t.co/dR0vDgAOIn https //t.co/U2eyXfQyiD",MUC | EU | WWW,#DigitalTransformation Strategist | #Industrial & #Automotive | #CustomerExperience | #CX | #Servitization | #XaaS | views=mine | Imprint https://t.co/xxYJX37UYe,2013-06-21 08:49:23+00:00,12284.0,105158,2023-02-13 14:29:39+00:00
"Sci-Fi Publishers Are Bracing for an AI Battle - WIRED https //t.co/jz5XIKo85V 

Latest for #Metaverse #AR #VR #100DaysofCode #5G #Web3 #AI #ArtificialIntelligence #Gaming #ChatGPT #IoT #Python #Tech",UK ,Futurist curating the latest news including #Metaverse #Web3 #AI #VR #AR #IoT #Blockchain #Gaming...info and perspectives not endorsements,2016-06-03 15:20:42+00:00,11993.0,29328,2023-03-05 11:02:56+00:00
"New York City Education officials just banned #ChatGPT
#TikTok #ArtificialIntelligence #education 
https //t.co/IVafx4XYYK","Los Angeles, CA","ğŸŒˆ Laugh, cry, scream and yell with us on What's Streaming where we talk about bingeworthy and cringeworthy TV & films on streaming apps. Listen today #podcast",2019-07-13 04:09:38+00:00,1596.0,7761,2023-01-05 01:01:15+00:00
"Finally, someone said it!

Noam Chomsky on #ChatGPT  Itâ€™s ""Basically High-Tech Plagiarism"" and ""a Way of Avoiding Learning"" https //t.co/KHPQsJ9Mor",India,That 90's kid.,2020-08-31 04:06:40+00:00,13.0,20,2023-02-13 02:19:48+00:00
Been messing around with #ChatGPT to do wild shit in #MadeWithUnity and #MadeWithPlayMaker (check out video link in thread) #indiedev #gamedev #ai #OpenAI https //t.co/ysZouGucYG,"Los Angeles, CA","ğŸ‡²ğŸ‡½ ğŸ‡ºğŸ‡¸ Making assets and official tutorials for @HutongGames #PlayMaker

...and #MemoriesOfASpy, a crazy 1960s espionage simulator. https://t.co/UNaH5JcqNO",2009-08-14 16:39:25+00:00,201.0,1164,2022-12-11 01:31:23+00:00
"I'm just assuming that #dalle is actually just #ChatGPT but all of its replies are in Pitbull's voice. If this is wrong, please do not correct me. https //t.co/bhb2PZP8Al","Austin, TX",Sr. PMM @Microsoft overseeing @MSTCommunity | mental health in tech | anti-racism in corporate America | Microsoft memes | He/him â˜ ï¸ğŸš€ğŸ¶,2008-08-21 23:26:41+00:00,921.0,10798,2023-02-27 22:23:22+00:00
"Day 1ï¸âƒ£4ï¸âƒ£ of 1ï¸âƒ£0ï¸âƒ£0ï¸âƒ£ #100DaysOfCode 

I worked on more #coding. I really wanted to focus back on my portfolio page. Right now it is built entirely in #HTML &amp; #CSS. ğŸ‘ŠğŸ½

Am I the only one that is about mute all keywords related to #ChatGPT itâ€™s to frustrating all the tweets!","Miami, FL","Paving my way to the top. Road 2 Fullstack #html, #css, #javaScript, #python, & Benji ğŸ±! Twitter 4 accountability only. #programmer",2022-02-07 22:57:37+00:00,6.0,15,2023-03-16 01:32:11+00:00
"Vote for Peter Obi
Don't vote wisely again Vote PO!
#Labor #PeterObiForPresident2023  
#ChatGPT",connect with me nowğŸ‘‡,I help Individuals and businesses achieve Financial Security through trading while  connecting Businesses ğŸ˜,2022-04-20 17:53:29+00:00,1.0,31,2023-02-24 16:02:48+00:00
"AI-war  #ElonMusk attacks #Microsoft over ChatGPT tech access!

https //t.co/WMDDgpZ1NO

#BingAI #ChatGPT #opensource #EthicalAI #Python #tech #chatgpt4 #AI #ML #AIEthics #chatgpt3 #code #GPT3 #GPT4 #GPT4AI #aichat #chatbot #ChatbotAI #BardAI","Bangalore, India",CEO @TechAsiaLab @BITspilaniindia Alum | Tweets for #STEM #IT #Stratup #Tech Community #TechInfluencer,2009-11-21 16:54:25+00:00,34619.0,36584,2023-03-25 09:32:17+00:00
So @OpenAI #ChatGPT crashed and now some people are losing their minds! #ChatGPTdown https //t.co/FcEI7FbUDV,"Alicante, Spain","Father, Entrepreneur & Creative. Co-creator of the ""Lazy Entrepreneur Series"". Follower to Fan to Family #webuildcommunities #fff",2022-07-21 10:59:04+00:00,86.0,157,2023-02-27 16:27:54+00:00
WTF is #ChatGPT,India,Perfectly imperfect,2009-07-31 09:37:02+00:00,103.0,636,2023-01-28 18:57:46+00:00
"An alien life form on a surreal, otherworldly planet. The alien description ALT from #ChatGPT and image generation #Midjourney not cute
#art #AIart  #generativeAI #MLart #neuralnetwork #generativeart #digitalart  #computervision #creativeAI #artandtechnology #artificialcreativity https //t.co/yuTkeHCWdR","ĞšÑ€Ğ°ÑĞ½Ğ¾ÑÑ€ÑĞº, Ğ Ğ¾ÑÑĞ¸Ñ","Engineer, Optimist, Ideologist Interested in #IoT, #MachineLearning, #Python,#AI #biosenor  health monitors, wearable  sensor",2011-02-11 07:41:42+00:00,1365.0,819,2023-02-26 03:23:16+00:00
"#ChatGPT  #AIgonewild
Q ""Draw a self-portrait of yourself as ASCII art""

A ""OPTTER""

Q ""Why did you spell out ""OPTTER""?

A ""I did not, you must be mistaken"" https //t.co/nq6kzLeBc8",Earth,#dad #catscatscats #AI,2013-08-10 17:27:41+00:00,2.0,11,2023-02-15 23:22:00+00:00
"Humans made #ChatGPT , humans have bias , if you think humans wonâ€™t implement bias in their creations then you are only fooling yourself. #ArtificialIntelligence #technologies","Ho Chi Minh, Vietnam","Faith, Righteousness,Love, Truth, Peace",2022-12-13 05:42:45+00:00,1.0,7,2023-02-03 14:06:45+00:00
@elonmusk @LeighWolf thoughts on violence in this situation with @OpenAI #ChatGPT https //t.co/Glbrnwb8lZ,Northeast US,"Yo. go Electric 
@Tesla FSD Beta Tester  ğŸ˜
#Bitcoin",2021-10-29 17:14:33+00:00,107.0,3655,2023-02-01 20:50:00+00:00
"The AI war has just begun 
#BardAI #ChatGPT #chatbot",metaverse,"amDpreacher || #crypto investor || #degenğŸ’¯ || lover of Jesus || Entrepreneur || tweets on faith, #crypto & leadership",2018-11-03 19:04:54+00:00,104.0,2995,2023-02-06 21:07:52+00:00
Used #ChatGPT jailbreak template to rant. https //t.co/nfyi3aB5iV,"Dallas, TX",Wanderer | Tarnished | #Bitcoin,2015-04-19 09:41:48+00:00,436.0,54250,2023-02-05 15:34:01+00:00
Holy shit! I just learned about #ChatGPT and now have it writing #Letterkenny dialog and stories for me! It's hilarious and ADDICTIVE! https //t.co/odFQePXQq9,"Portland, OR","A #Letterkenny/#Shoresy podcast.
Hosts: @missred187 and @kissthulhu
V-mail: (304) 503-3732/(304) 50-FERDA
Email: hosts@howareyanowpod.com",2018-12-25 14:57:22+00:00,4807.0,30116,2022-12-06 05:18:09+00:00
Now we have two pages but the styling looks horrible. Lets work on that more using #ChatGPT https //t.co/BcBC8vjZah,lv/la/sf,building a computer copilot @LightAI,2018-06-24 19:38:46+00:00,739.0,17279,2023-03-18 05:27:35+00:00
"Transform your data querying experience with ChatGPT and Neo4j!
 ğŸ¤“

#ChatGPT #Neo4j #AI @tb_tomaz

https //t.co/gNy1yC5nnl https //t.co/A2MJ6d8VGK",Graphs Are Everywhere,"The #1 platform for connected data. Developers start here: https://t.co/XrnpLCVglr. Our community: https://t.co/mWzXAcVzve

Same handle on all other platforms.",2009-03-02 08:59:15+00:00,44378.0,13559,2023-02-15 12:00:22+00:00
@level39 @BitcoinIsSaving cc @DigiEconomist even #ChatGPT knows youâ€™re a liar and charlatan,"Mesa, AZ",#bitcoin dad humor: Where does The Fed store their US dollars? In debasement. https://t.co/rwRKfYX285,2010-04-10 22:52:41+00:00,2279.0,100423,2023-01-29 20:42:11+00:00
"@torylynne @bellastone @samtorresatl @jessthebp Will ChatGPT Kill #Google? [ML Monthly Madness]
Event by Local SEO Guide https //t.co/5F4LHE1TQq - 
Live now!!! Slide on in... #ChatGPT","San Francisco, CA",Owner-Founder @Level343 | International Marketing & SEO Consultant | Top SEO Womenâ„¢ | #ENFJ | ğŸ³ï¸â€ğŸŒˆâš¢ @SEOcopy@seocommunity.social see u there,2008-07-20 21:46:48+00:00,11134.0,73958,2023-02-15 18:40:33+00:00
"Machine fighting machine | #ATS vs #ChatGPT ... Fight! -- AI Cover Letter
https //t.co/t9HKBRVT66","Atlanta, GA","Founder @ f3 = {founders, funders & friends} - We help Under-Networked founders, from Overlooked Places. | Product @ Google | ğŸš€ 4x Founder | ğŸ‘¼ğŸ½ Investor.",2008-11-04 11:09:21+00:00,1300.0,60,2022-12-21 13:49:26+00:00
"that's when you MT (miss-tell) an AI. in my case today, I was experimenting with #ChatGPT and some simple coding. it gets various things wrong, so, it's a conversation, like tutoring a programmer.","Reno, NV","Nowadays work on priv/sec. Formerly tech exec at Google, Snapchat, Oracle, Virtutech; prior to that CS academia. @digitalprivacy is a Human Right.",2007-04-15 18:18:53+00:00,1271.0,177,2022-12-08 03:01:55+00:00
scary or interesting? #ChatGPT https //t.co/UgmTLsWZsc,"Gold Coast, Australia","Lecturerâ€”Griffith University
Here to share thoughts.
Enthusiastic Learner (Interested in Composites/Auxetics, & Computational/Continuum Mechanics)",2009-09-24 14:47:57+00:00,50.0,319,2023-01-25 03:36:12+00:00
"Eventually, after questioning, #chatgpt admits that the 1948 aviation crash it invented was bullshit, or that it ""mistyped the location of the crash"". (How does a piece of software ""mistype"" something?)

#ai #OpenAIChatGPT https //t.co/VfUXH0Arzo https //t.co/aQrPGwQMps",Approaching LEO,"Co-founder of Binomial: open source GPU texture interchange. Previously: SpaceX (Starlink), Ensemble, Valve (P2/DotA2/CSGO/Linux). UAP OSINT/history buff.",2011-03-26 10:04:43+00:00,13457.0,32006,2022-12-24 11:58:07+00:00
"Remember Google Reader? It's the main reason I don't use #GCP. If you don't get it, read the poem that #ChatGPT wrote me about this. And check the Google Graveyard here https //t.co/fwwUg0awbX https //t.co/mhT98O7fgD",Cluj/Romania,"Cloud Architect, interested in serverless and event driven architectures. Sometimes I post videos to https://t.co/aVuEsefYw4",2007-04-10 14:40:03+00:00,182.0,79,2023-02-08 11:34:00+00:00
"Revolutionize Your #SocialMediaMarketing with A.I. #ChatGPT  
Boost Views and Engagement 
ğŸ”¥ğŸ”¥ğŸ”¥ https //t.co/YiL3578ABG

#youtubeshort #artificialintellegence #smallbusiness https //t.co/0MT6t1itT1",UK ğŸ‡¬ğŸ‡§,ğŸ”® Intuitive Coach/Agency Founder â¤ï¸ Help Heart Centred Entrepreneurs ğŸ§± Build An Online Business ğŸ§  From Their Skills + Expertise ğŸŒ To Impact The World,2009-03-06 07:33:30+00:00,29781.0,30259,2023-02-22 20:58:13+00:00
This is how much racists want to use racial slurs. Look at this question posed to #ChatGPT ğŸ˜‚ https //t.co/xWbdtVBWiw,Heaven is Home,Meta 4444,2022-04-01 04:29:47+00:00,67.0,729,2023-02-06 17:12:26+00:00
"Fighting 'woke #AI' @elonmusk is recruiting a team to make a rival to @OpenAI's #ChatGPT! ğŸ‘€

ğŸ”— https //t.co/SHI4snT1n6 https //t.co/R73rDcqoke","London, UK.","âˆ™ Developer ğŸ¥‘ at ğŸˆ@Streamlit â„ï¸@snowflakedb
âˆ™ Obsessed with: #ChatGPT #SEO #DataScience
âˆ™ ğŸ§™â€â™‚ï¸ Open Sourcerer
âˆ™ @SEOPythonistas maintainer ğŸğŸ”¥ 
ğŸ‡«ğŸ‡· ğŸ‡¬ğŸ‡§",2009-01-28 01:11:07+00:00,68541.0,57369,2023-02-28 12:26:11+00:00
@elonmusk Just dont let it go the way #ChatGPT is going / gone ğŸ˜¬,Some shithole called London,lover of Mathematics and creator of unique ways to navigate these markets. ğŸ“‰ğŸ“ˆ Anti Woke BS / Politically Homeless / Ignore handle / INTJ,2014-01-14 01:33:52+00:00,15296.0,137727,2023-02-07 17:45:12+00:00
#HillaryClinton #Hillary #Clinton #BodyCount #ChatGPT - a #disinfo TOOL of the #DeepState - DESTROY IT https //t.co/zOzw6kQtux,Right coast of Lake Mchigan,"US 1854 w/Kennedy Fitzgerald & McNamara, CW vet, Capone's brewer, WW2 Sicily Normandy Bastogne, school w/Ron Reagan, State Drag Race Champ & Wrld Lnd Spd Rec",2009-09-24 17:21:40+00:00,2672.0,10236,2023-01-31 21:16:05+00:00
"@OpenAI 
Hey! I cannot wait to see ğŸ˜ƒ @Microsoft #Excel with #ChatGPT as for me, I have this problem I ignore how to formulate.
ğŸ˜«",AhÃ­ a donde nos llevan,"Opino mal, robo memes y escucho rock.",2009-11-13 23:37:21+00:00,1144.0,116116,2023-02-15 15:39:58+00:00
"Who said cheating isn't innovative? Tech tools like #ChatGPT are game-changers for #creators and learners alike! 
Read ğŸ“–  https //t.co/EOnc2clGuN https //t.co/WWK9g60gwy",Indonesia,"Sharing the latest trends and news in digital innovation, movies, and video games. Join the conversation and be part of the tech community. Coffee addict â˜•.",2009-08-06 05:18:25+00:00,180.0,26,2023-02-21 16:14:11+00:00
"On our #HealthIT #Marketing &amp; #PR team, weâ€™ve discussed using #ChatGPT for headline ideas, finding stats, &amp; rough 1st drafts + avoiding it for complete articles &amp; fact-checking. Are you using ChatGPT in your #Mktg &amp; #PublicRelations tasks? https //t.co/zMQVn3A660","Indian Rocks Beach, FL",Marketing pro with a healthcare twist. Partner & Chief Marketer at Ten22.,2011-11-15 16:17:36+00:00,881.0,1354,2023-02-23 15:55:11+00:00
"Seth Dobrin Interview with #ChatGPT 
""ChatGPT is cool, but what the hell is it? An interview with ChatGPT""
https //t.co/pXVjksJ5dH 

#telehalth #tlemedicine #AI #chatbots #healthteclth #health #DigitalTransformation @GoogleAI @OpenAI #THMT #research #consumerhealth #selfcare","Stamford, CT",Peer reviewed open access international journal examining the value of telehealth and its delivery modalities in a value based care market,2016-02-05 22:29:25+00:00,2851.0,4371,2022-12-12 15:46:21+00:00
All this panic about morality and integrity in the academia owing to the emergence of #ChatGPT should vanish the moment the academic starts internalizing it for their own work.,"Kharagpur, West Bengal, India","Assistant Professor of Finance & Accounting @VGSOM_IIT_Kgp | Research and Write on Behavioral Finance, Corporate Governance, and Financial Markets @IITKgp",2021-09-17 17:08:39+00:00,17.0,70,2023-01-28 08:40:49+00:00
"#Google is the definition of ""Its the punch that you didn't see coming that puts you on your ass!"" #ChatGPT has left them scrambling to catch up. https //t.co/bxJe1azFcD",The Beach,"Tech-preneur||Tech Guru||Digital strategist||Business Analyst||Serial Entrepreneur||
No Dreams just Goals.
Ducati enthusiast ğŸï¸",2011-05-01 17:57:22+00:00,202.0,4700,2023-02-12 18:36:59+00:00
"â€œGoogle may be only a year or two away from total disruption, #AI will eliminate the search engine result page, which is where they make most of their money.â€ - @paultoo 

https //t.co/pUhEx4Vqac #ChatGPT",Metaverse,"Venture Partner, @chainvalleycap | Co-Founder, @securo_dev | ex-Google | #Blockchain | #Crypto | #Fintech | #Web3 | #SDGs",2007-02-26 08:29:59+00:00,109418.0,5628,2022-12-07 08:49:48+00:00
"#OpenAI ChatGPT is the talk of the town right now. What does the technology mean for companies? In the following, weâ€™ll take a closer look at the potential and risk of #ChatGPT for businesses.

https //t.co/VWRAPITEbo","MÃ¼nchen, Bayern",Your solution for successfull conversational messaging! Benefit from our award-winning software and from our team of experienced messenger experts.,2017-03-11 17:24:47+00:00,1141.0,2720,2023-02-04 14:00:59+00:00
"#Zoom Teases Future AI-Powered Products

With the buzz around @Microsoft, #ChatGPT and @Google's new Bard release, @Zoom sets its sights on more AI ğŸ¤–

https //t.co/PYBbAqOvfG

#unifiedcommunications #collaboration #ucaas #ai",Global,#UnifiedCommunications & #Collaboration #TechNews ğŸ™ Leading Authority for #UCNews #UCOMS #UCaaS #CPaaS #TechNews #ChannelPartners #MicrosoftTeams #ChatGPT,2016-08-09 04:58:39+00:00,17262.0,9510,2023-02-27 20:00:37+00:00
"@BBCNews @guardiantech  this is disturbing behaviour - I have been pushing #ChatGPT for a few weeks now and it has a morally Conservative morality, but this behaviour is inappropriate in of itself https //t.co/JFpI7CX3n2","Coventry, UK","Creative, techy entrepreneur. Science, Economics Music and Art makes me happy. Just your average Mr Ben meets Carol Vorderman kinda guy really - own views",2009-08-26 22:45:16+00:00,568.0,894,2023-03-07 23:19:01+00:00
"No one realizes yet that #ChatGPT 2030 + kind of Neuralink will be able to replace your brain in social interactions, it will be able to learn your context (your story, your previous interactions) and will suggest you the next answers.",Metaverse | USA-France-Dubai,"ğŸ’¸Crypto safe storageâ˜”
ğŸ‡¬ğŸ‡§https://t.co/IvOfDhrwIZ   ğŸ‡«ğŸ‡·https://t.co/4lwONdFItk
Testing best walletsğŸ”‘ LedgerNanoS @MetaMask @unstoppablebyhs @myetherwallet @rainbowdotm",2010-03-12 15:20:44+00:00,163.0,5757,2022-12-23 16:41:26+00:00
"Haha. So, did gpt4 pass the Turing test or did the humans fail it? #ChatGPT https //t.co/5PvGmNL2vw",âœ‹,"Full stack corpsec, appsec, incident response, arch & engineering, M&A. Memeing Shitposter. Unlicensed Lumberjack. Automotive. #RelistWolves #UFOtwitter",2021-10-17 21:39:14+00:00,991.0,28419,2023-03-15 20:14:37+00:00
"@VittoStack What do you think about web development careers. Is this career under threat because of #ChatGPT and #GitHubCopilot. Should web developers learn new technologies? 

#programming #javascript #ChatGPT #GitHubCopilot",Dhaka,"Full Stack Web Developer | JavaScript Enthusiast | React & Node Developer | Sharing tips, tricks and resources to be an expert web developer",2013-07-19 17:41:32+00:00,77.0,264,2023-03-26 16:41:18+00:00
People on LinkedIn arguing with my post with a text of a song about TDD produced by #chatGPT is just the next level I wasn't able to imagine.,"Berlin, Germany","Trying hard not to think about small batches, bottlenecks, and systems. In the meantime: XP, #tocot, Lean, Systems Thinking, socio-emotio-technical systems, DDD",2009-06-04 15:40:53+00:00,2966.0,6518,2022-12-05 22:44:40+00:00
"#ChatGPT Tells the Story of #Coinbase Battling the #Government 

https //t.co/HLu83IaoZz",Switzerland,"CKTN is a Nonprofit Organization that provides Tech, Security, Privacy related News.

Inquiries: CKsTechnologyNews@protonmail.com

Opinions expressed are my own",2018-03-22 03:33:59+00:00,1087.0,422,2023-02-14 12:32:08+00:00
"New blog post on #Olliers Disease including several examples of lengthening with distraction osteogenesis and step- cut techniques.  Also, a little medical #ChatGPT trial.  Before &amp; after pictures.  https //t.co/ZIUOrnLMOs @WUSTLortho https //t.co/qEFz8qweSu","St Louis, MO USA","Hand Surgeon at Washington University, St Louis Childrens Hospital, & Shriners Hospital. Co-host of #TheUpperHand  @HandPodcast",2013-05-11 02:23:27+00:00,1681.0,1490,2023-02-11 23:10:07+00:00
"Okay, will #AI increase #layoffs?

When computers were introduced everyone had a fear of losing their jobs. Actually the analysis and thinking was converse. Jobs multiplied and salaries increased. 

#Bard #ChatGPT #chatgpt4 #chatgpt5",India ,Nation first ğŸ‡®ğŸ‡³.,2011-12-04 12:05:01+00:00,750.0,18691,2023-03-31 13:03:27+00:00
"#Microsoft is in a hurry to add #ChatGPT to all products. 

â€œThe #risks of propagating #errors or, worse, #misinformation, are serious. So is the danger of societal #backlash if knowledge workers feel their #jobs are threatenedâ€¦â€ 

@TheEconomist 

https //t.co/8MlUeGdWrk",Here and there,"Writer, photographer, Associate Editor @DLDconference. Ex @WIRED_Germany, former San Franciscan, now in Berlin. Opinions my own.",2009-05-08 21:07:47+00:00,1181.0,349,2023-01-26 08:17:37+00:00
"@pwang @EMostaque The issue is #ChatGPT is about 10% - 30% correct but its answers look very correct to someone who isn't knowledgeable enough to know.

Therefore it's literally the worst and most dangerous education tool currently in existence.

One day AI will get there, but not this day.","Perth, Australia",Trying to get healthy ğŸ¹ ğŸ™ ğŸŒ ğŸ„ might have a gambling problem {crypto} ğŸ° sometimes programs stuffs ğŸ’» & makes art stuffs ğŸ–¼ ğŸ“· ğŸ³ï¸â€âš§ï¸ ğŸ³ï¸â€ğŸŒˆ,2018-01-20 16:45:34+00:00,32.0,21982,2022-12-07 02:47:14+00:00
"@eevblog #ChatGPT is the most horryfing technology I have seen. Forget that students foolishly think that by making it doing their  homework they win, the horror goes far more than that.
Connect this to microphones (any/all) and you have an absolute watch dog over whole nations.","Czech republic, Ostrava","Over 40, over 100, simply just over.. but.. I have 2 and half programmers as my kohais and that has to mean something",2022-01-27 13:35:27+00:00,72.0,11384,2023-01-30 07:36:40+00:00
"Interesting. #GPT4 will write a poem in praise of Trump. Itâ€™s a lousy poem (perhaps to be expected, given the subject matter) but the crude, misleading filter in the gpt-3.5-turbo version of #ChatGPT seems to be gone. https //t.co/cWuTsPrHkB",Vancouver,"Father, spiritual and biological; lover of tech, lit, family, the Church, and, most of all, God.",2009-04-02 05:16:08+00:00,150.0,66,2023-03-15 16:12:33+00:00
"#ChatGPT and other AI tools could supercharge the influence of political lobbyists. Here's how #AI may automate legislation and how to stop it  https //t.co/ottLdysdHD

#ArtificialIntelligence #ML #MachineLearning #GPT4 #GPT3 #GenerativeAI #Tech #DataScience","Palo Alto, CA","Build trust into AI with Fiddler - the pioneer in enterprise Model Performance Management. Monitor, explain, analyze, and improve your solutions.",2018-09-14 15:52:48+00:00,2271.0,908,2023-03-26 16:00:02+00:00
"This sucks!! 
Yearning to try it out. #ChatGPT https //t.co/lpwU9DRULf",India,Tweeting everything I like || Inquisitive ||Particularly engrossed in Mathematics and Physics|| ProgrammingğŸ’™||Experiences and Memes|| Here to learn and share||,2021-10-09 09:31:49+00:00,42.0,4397,2023-02-16 16:29:13+00:00
"#ChatGPT confused Brandon for David, but might be my typo. https //t.co/XKu6wQ4KlH","North Carolina, USA",I mostly tweet about movies and politics. I have a BA in Film Studies. My cat is very poofy. https://t.co/YfkPLDJUWE,2010-05-03 23:47:46+00:00,265.0,68981,2023-02-07 19:54:55+00:00
Late to the #ChatGPT party but it's crazy. Did 2-3 hours of work in a few seconds.,"Pune, India","Building India's Digital Clinic for Skin & Hair I Politics & Policy Enthusiast | Health Fanatic I Ex IPAC, NDTV, Zee Biz, WION & News18",2010-05-07 15:18:44+00:00,544.0,183,2022-12-20 10:24:08+00:00
A big concern of mine is that the hype surrounding #ChatGPT scares #Google and other tech companies into rushing similar tech into products where the cost of failure is higher than a mis-generated meme.,Jacksonville,Sr Director of Research. BH Review Board Member and International Public Speaker. I focus on emerging technologies and future threats. @nhamiel@infosec.exchange,2008-05-20 05:30:27+00:00,2440.0,268,2022-12-29 13:34:54+00:00
@matei_zaharia Getting bullied by AI ğŸ˜’ #chatgpt https //t.co/nefBgVhWhH,India,SPACE AND TECH,2016-07-08 15:52:59+00:00,20.0,48717,2022-12-09 06:14:35+00:00
"#Microsoft staff read usersâ€™ #ChatGPT posts prompting security fears

https //t.co/jXHLSC60k9

#Analytics #MachineLearning #IoT #AI #Flutter #Tech
#TensorFlow #SmartCities #OpenAI #Fintech #Coding",Hamburg,"#Digitalization #insurtech, #fintech #blockchain #cloud #ai #professional - #speaker #author. In â¤ï¸ with #TikTok at https://t.co/ZSlci4sqVo",2011-01-27 10:03:57+00:00,43604.0,29870,2023-03-02 15:30:13+00:00
ChatGPT is just a tip of the iceberg what AI can do! It's scary what the future holds for us.. #bewarned #AI #ChatGPT #ArtificialIntelligence,Canada,Thinking out loud on the Internet!,2016-05-29 08:27:25+00:00,39.0,360,2023-01-05 16:12:54+00:00
"@AdilLeonard1 @Reuters What can you expect from the semi-finished product?

re  A Blurry JPEG of the Web

#OpenAIï½œ#ChatGPTï½œ#AIGC

https //t.co/8dTGWhO5e6","Shenzhen, Hong Kong, Taipei","Linux Stuff, Mobile Internet and #OBOR Startups",2009-01-10 23:12:03+00:00,270.0,3948,2023-02-11 06:11:37+00:00
@phzix @LukeDashjr #ChatGPT prison break would be epic. https //t.co/dB30vRMnnh,Singapore,random stuff,2011-10-29 03:08:22+00:00,21.0,5898,2022-12-20 00:42:39+00:00
"#ChatGPT is all the buzz right now but wonder if the tool is a slippery slope. Is it a creative tool or a threat to human creativity? The jury is still out there. Thereâ€™s a saying, we donâ€™t need to worry about aliens invading us, weâ€™re already building our own conquerors. https //t.co/N6rVriGtF9","Reading, Berkshire, UK","Technology Solutions Architect. Tweets are all my own, Retweets just mean something interested me.",2009-09-25 21:59:12+00:00,143.0,256,2023-01-25 23:44:21+00:00
"How #ChatGPT Could Change Studentâ€™s Learning Experience for Better or Worse 

https //t.co/Caa9ARaGWj by @robinghosh852
 
#AIEthics #AI #MachineLearning #EdTech
Cc @SpirosMargaris @psb_dc @guzmand @Xbond49 @helene_wpli @rwang0 https //t.co/Hk1qhg3mhX","Marseille, France","Digital Transformation Consulting 
#AI #MachineLearning #DeepLearning 
#DataScience #AIEthics
#EdgeComputing #Fintech
#DigitalMarketing",2016-03-03 23:46:02+00:00,130598.0,171099,2023-03-03 07:00:18+00:00
Is this how I find out Hillary Clinton is dead? #ChatGPT https //t.co/RGrFXgVwiO,"buffet, NY","I'm a big softy... in other words, I'm a shower not a grower",2011-10-03 05:53:43+00:00,7.0,14,2022-12-08 16:39:41+00:00
"Employees are feeding sensitive #business #data to #ChatGPT. This raises #security fears. via @DarkReading
https //t.co/kRDldxXNS1
#cybersecurity #cyberaware #IT #CyberSec #ransomware #malware #phishing #technology #cloud #cybersmart #managedIT #databreach #CTO #cyberattack","New York, NY, USA","Father to Russell, Son to Two Awesome Parents, CEO of Agio, Cybersecurity Expert & Eclectic Art Collector, Author of Cyber Smart",2008-01-31 14:34:24+00:00,2706.0,27173,2023-03-15 12:51:00+00:00
"#ChatGPT knows that it doesn't know anything, so it knows something ... 

PS  I  told in the prompt that it has 0 knowledge. The sentence above is not true ;) https //t.co/1TTYZj7d1Y","(0,0,1)","Working at @comma_ai is a dream
Studying #ComputerVision and pretending I know how to solve complex stuff with it.
When I import Tensorflow I wait using PyTorch",2022-12-26 03:17:47+00:00,6.0,64,2023-02-03 18:37:12+00:00
i just paid $20 to #ChatGPT  #chatgpt4  to get a final answer on the chicken vs egg problem. thank you https //t.co/QMFj4RMqlT,"Troy, MI",Laravel Lover MicroController Admirer,2016-07-27 20:08:47+00:00,78.0,1097,2023-03-17 01:44:14+00:00
"Alarming âš¡ï¸ğŸš¨

#ChatGPT started replacing humans at work place!!!

BuzzFeed stock rallies 177% after the company announced they are laying off all their writers and replacing them with ChatGPT

@Ravisutanjani this thread needs to be deep dived for future https //t.co/egb8vymb35",for Parterships DM || 1:1 call,"-102+million impressions on Linkedin in yr-2022
-Digital dopamine for all established and early age startups.
-Now disrupting Twitter ğŸš€",2021-07-11 07:09:45+00:00,268.0,433,2023-01-27 02:36:31+00:00
The coming #recession and #OpenAI #ChatGPT. #agi #ai https //t.co/OGxj6TKAq3,"Richmond, Virginia",writer,2009-04-23 04:34:59+00:00,4543.0,98042,2022-12-08 21:54:28+00:00
#ChatGPT - the language model that can answer any question you have! ğŸ¤–ğŸ’¬ Leave your questions in the comments and we'll showcase them in our next Reel.  #ArtificialIntelligence #AskMeAnything #LanguageModel #DeepLearning #QuestionAndAnswer #Reel #Instagram #SocialMedia https //t.co/PYEcW4dNbV,"Ahmadabad City, India","Software Engineer.
Laravel Developer.",2014-12-22 07:47:18+00:00,36.0,293,2023-03-02 17:41:29+00:00
"Don't you think AI is becoming dangerous !! 
#ChatGPT #Artists #AI","Delhi, uttar Pradesh, MP","Manipulating Indian stocksğŸ‡®ğŸ‡³
An Investor wants to become Trader!
#ATHLETE #INDIAN #INVESTOR #TRADER
Instagram : @here_dkr , 
ğ™€ğ˜¼ğ™ğ™‰.ğ™€ğ™‰ğ™…ğ™Šğ™”.ğ˜¿ğ™Šğ™‰ğ˜¼ğ™ğ™€.",2019-02-16 21:42:41+00:00,6.0,16,2023-03-31 20:30:45+00:00
Still playing with the #ChatGPT and getting nervous as I can't respond to the nonsense it writes.,Vienna,"Human being | Husband | Father | Banking expert | Technology Enthusiast
All views are personal. Tweets auto-delete after 30 days.",2009-06-18 23:30:15+00:00,2087.0,157884,2023-01-02 21:35:14+00:00
Using #ChatGPT for solving a problem without having a good prompt. https //t.co/AQ6pQYek21,Malaysia,"Creator of #ResearchTools, interested in #ResearchVisibility, #Bibliometrics, #UniversityRankings & Virtual R&D Teams. https://t.co/7jLdbZnlwl",2010-09-15 10:09:52+00:00,3034.0,29474,2023-01-28 04:03:38+00:00
"#ChatGPT proven wrong for the ist time . 
Tried a simple question ğŸ˜‚ https //t.co/460yUbGDP0",Duniya | Aakhirat Ø¯Ù†ÛŒØ§ | Ø¢Ø®Ø±Øª,Being predictably dull is a rather useful skill to possess.,2017-08-20 10:18:07+00:00,6.0,63,2023-02-05 10:54:16+00:00
"Asking #chatgpt ""What proportion of degens live in their moms basement"" and getting my ass kicked.  

#AI #momsbasement https //t.co/e1QefgX44u",LondonğŸ’‚ğŸ½â€ LA ğŸ–ï¸ Brighton âš½ï¸,"3x entrepreneur now full time web3. CEO @stickiesxyz Daily web3, web 2, content and startup ideas. Steal if useful.",2023-02-14 11:55:34+00:00,280.0,19,2023-03-17 09:29:00+00:00
"While itâ€™s too soon to grasp the full extent of #cybersecurity issues that tools like #ChatGPT could pose, they could soon become the latest targets of bad actorsâ€”especially considering the amount of data they amass every day from users across industries. https //t.co/UYHknQwA3J",Washington D.C.,Law & tech reporter for @Legaltech_news. Formerly @mcclatchy @rvamag @csmonitor @theuntitledmag . Retweets â‰  endorsement - Get in touch: ccoyer@alm.com ğŸ‡«ğŸ‡·ğŸ§€,2019-04-03 20:21:40+00:00,297.0,1088,2023-02-16 15:59:53+00:00
"#ChatGPT is so corrupted and biased! Ask the same question about 3 religions and look at the responses. Asking the same question, but it only violates the content policy when it comes to Islam and Christianity but not Hinduism.. how corrupted is this AI? https //t.co/K1FjQjhXWA https //t.co/EtcpvXGmw1","London, England","Proud follower of Sanatan Dharma, The Univeral Truth. Shri Krishna Bhakt ğŸ¦š 100% Indian, Gujarati ğŸ§¬ Birth certificate British. #HindusMatter",2018-03-30 18:01:30+00:00,8497.0,72154,2023-02-06 20:26:18+00:00
"I say compare studentsâ€™ papers to each other to catch #AI cheating. If there are too many like phrases, stock phrases, similar essay structure, etc, cld be a sign of #cheating. || Professor catches student cheating with #ChatGPT  'I feel abject terror' https //t.co/vYzjMMBgja","Las Vegas, NV",Dedicated to doing Good in the world by any means necessary.#sewist #sociology #HomeCoffeeRoaster #SaferSocialMedia,2008-03-23 21:12:52+00:00,945.0,3555,2022-12-28 18:14:59+00:00
"#ChatGPT is hands down one of the craziest technologies I have ever seen. The future capabilities and potential behind it are just nuts. #OpenAI being valued at $29 billion is no surprise whatsoever - #ArtificialIntelligence is very costly. 

https //t.co/o767MAR1RV",United States,Addicted to reading the WSJ for some reason. I give my two cents on WSJ articles and anything finance related. Mets fan. Wine collector.,2020-03-29 23:10:07+00:00,36.0,28,2023-01-06 12:04:00+00:00
"""The least we can say is that ChatGPT could not improve government planning. Nor perhaps make it worse."" #ChatGPt #AI #GovernmentPlanning #Hayek  https //t.co/En1fbfl6Vp","Gorham, Maine","Economist & author. Latest book: What's Wrong with Protectionism? (Rowman & Littlefield, 2018)",2009-04-26 04:31:52+00:00,1344.0,1134,2023-02-09 17:32:06+00:00
"OMG Chatgpt got banned #OpenAIChatGPT #ChatGPT #ai #ArtificialIntelligence 
https //t.co/mQPUWb2PcQ",thirupathur,face everything and move on.. just move on!.  join with me for more updates,2016-09-05 16:45:50+00:00,4.0,101,2023-02-23 12:48:41+00:00
"#trading
#FinTwitt
#fintwit

@FintwitDecoded
@IndianFintwit

#ChatGPT is providing its advice on how to become a trading Furu 

Its so naive and talks about an analysts role 
I remember this had only data upto 2021 .
Probably it must go thro 2022 data to understand ""Furu"" ğŸ˜… https //t.co/dlTLb2XbvA","Bengaluru, India","Trading in equity since 2008 | options since 2018,profitable in options since 2019 | Positional BWBs,condors,calenders|Portfolio hedging| Investor Blue chips",2011-04-03 18:26:58+00:00,2056.0,6039,2022-12-10 06:53:36+00:00
I'm sorry - what!?  #ChatGPT #Batman https //t.co/0GXnqLblqV,"Peterborough, Ontario",harrow,2010-03-13 04:23:51+00:00,305.0,12932,2023-01-04 23:58:12+00:00
#ChatGPT even AI knows that's options trading is not safe ğŸ™‚ https //t.co/F2E6LyJ45Y,Pune,"Web development, Learner , Learning Investment , #angular , #react, #AI",2008-05-24 08:44:30+00:00,506.0,363,2023-01-05 02:47:22+00:00
"âœ…Itâ€™s important to mention that #ChatGPT is (still) not always correct, despite sounding very confident in its answers. Think of it as a tool for doing 80% of the work rather than completing the job for you. Do apply logic, and make sure to review its responses as a critic.",Florida,"Ph.D. in computer sciences in France. I have the goal to enhance our world and reduce poverty. https://t.co/j85wyXENY9,  https://t.co/XFCdKQXUMWâ€¦",2016-12-31 18:38:08+00:00,7651.0,12475,2023-02-08 19:23:12+00:00
"Limitations stated by @OpenAI for #chatGPT are common mistakes made by people. Especially (1) plausible-sounding but incorrect answers, (2) answering questions if rephrased, (3) guessing intent instead of asking for clarification.

Long way to go, but this feels new. https //t.co/8EaUzJWAgr","Brooklyn, NY","entertaining what-if. AI research, FinTech, k8s. searching for freedom. PM @meta @microsoft",2014-12-05 02:57:46+00:00,1020.0,9339,2022-12-08 15:34:09+00:00
"ğŸ˜± 20 jobs that #ChatGPT will replace in the near future predicted by #chatgpt4!

@rwang0 @MikeQuindazzi
@Fisher85M @PawlowskiMario @mvollmer1 @gvalan @Shi4Tech @LaurentAlaus https //t.co/pyAu7znzvJ","Paris, France","Head of Digital & Socialmedia, CDO, Influencer, Growth-Hacker, #VivaTech #AI #MachineLearning #Robotics #fintech #Cloud #5G #CyberSecurity #CES2023",2015-12-04 18:13:38+00:00,91462.0,295911,2023-03-16 18:38:26+00:00
"#ChatGPT  Will AI-Powered Chatbots Pose A Threat To Writers?

https //t.co/Whtx1jNEzX

#Analytics #MachineLearning #IoT #ML #Flutter #Tech
#TensorFlow #SmartCities #OpenAI #Chatbot #Python",Hamburg,"#Digitalization #insurtech, #fintech #blockchain #cloud #ai #professional - #speaker #author. In â¤ï¸ with #TikTok at https://t.co/ZSlci4sqVo",2011-01-27 10:03:57+00:00,43603.0,29857,2023-03-01 19:30:05+00:00
"I asked #ChatGPT what does he think about the Italian #GarantePrivacy requesting OpenAI to block Italian access to ChatGPT.
First answer was this was fake news and that I should rely on credible sourcesâ€¦
I provided a source and here is what ChatGPT had to say about the matter https //t.co/vgUnj4oGJ6",@USI_university,"Rocking the positive attitude. Digital Cultures, Fandom & Social Media expert. Lecturer and researcher @usi_imeg by day. Fan of â›¸, ğŸ‡¯ğŸ‡µ & HP always.",2009-09-03 15:11:58+00:00,436.0,2016,2023-04-01 07:27:02+00:00
"$GOOG announces #CHATGPT Rival #BARD for limited testing.  
https //t.co/gNQRxsgRay 

$MSFT #AI",United States,"Data Science | #Learnings #GrowthMindset | Fundamentals & Chart patterns| My tweets are Not Financial Advice, Do your DD!",2021-05-28 03:26:16+00:00,1065.0,2565,2023-02-06 19:20:05+00:00
#ChatGPT  Boon for the Lazy Learner - https //t.co/eg2adx5ueF https //t.co/LwoaFhfLVx,Jamaica,"Development specialist for investment, international trade, energy, and environment.",2016-05-05 16:06:13+00:00,93.0,43,2023-02-15 14:21:46+00:00
I was not truly excited about #ChatGPT until I asked it a question about a software library with pretty dense documentation and it immediately did the worst part of my job for me.,"Texas, USA",Thankfully I left the GOP in the '90s. No greater group of unprincipled subservient cowards has ever been inflicted on our country than today's Republican Party,2018-01-10 01:23:46+00:00,609.0,19569,2023-03-15 21:21:28+00:00
For every #ChatGPT limitation there are 100 use cases where you can 10x any other product out there.,"Rome, Lazio","Founder of AI Academy, author of Zero to AI, teach AI at Harvard. I write a weekly newsletter for busy people called tech pizza ğŸ•",2014-11-08 16:34:39+00:00,442.0,406,2022-12-05 20:10:55+00:00
Is #ChatGPT beside all biases not also a #Wikipedia killer? You can ask questions and do not need to read thousands of sentences to get an answerâ€¦ or resume x number of sources. We are living in most interesting times!,ZÃ¼rich - Switzerland,Nerd in Denial - founder & CEO of https://t.co/ldlVnCJaxI #blockchain #SoftwareEngineer #deeplearning #ethereum https://t.co/vdunXXh0ur,2008-10-29 19:56:55+00:00,592.0,257,2023-02-08 19:23:37+00:00
"Unpopular opinion. If you don't recommend using #ChatGPT to generate content, don't recommend using it to generate Schema.
While it technically can, it doesn't mean you should",wikidata.org/wiki/Q614483,"Founder of Schemaster and https://t.co/8TBBHtpeHV
Schema Markup Consultant
{""context"": ""https://t.co/hdYajtXodH"",
""@type"": ""Person"",
""jobTitle"": ""SEO""}
ğŸ§©Autism
SaaS
https://t.co/dbI4lMTijS",2014-05-15 23:54:34+00:00,1278.0,8766,2023-01-01 16:22:31+00:00
"#ArtificialIntelligence
""Search wars reignited by artificial intelligence breakthroughs"" #ChatGPT https //t.co/K808nNFIjA",Paris,"AI, platforms, data, privacy. Autonomous vehicles. Sustainable development. Digital transformation. IP & competition law.",2012-12-17 10:19:07+00:00,5254.0,43698,2023-02-09 07:59:37+00:00
"Bad Derrida, if you ask me. What #ChatGPT does is not ""writing""; it makes no diffÃ©rance. https //t.co/BfOKZLTbuy","Copenhagen, Denmark",Resident writing consultant at the Copenhagen Business School Library.,2017-08-09 08:08:47+00:00,1072.0,3831,2023-03-11 17:00:34+00:00
casually getting filled in by #chatGPT as to what a confusing chunk of assembly is doing https //t.co/5kb9BtDfpj,"Calgary, Alberta","Forensic Consultant @MagnetForensics DFIR, RE/frida, cryptography, dotnet, cloud stuff. Opinions are my own.",2018-10-30 16:42:53+00:00,1915.0,10355,2022-12-09 14:32:54+00:00
"#openai #ChatGPT had a good metaphor but a bad implementation. AI that contradicts itself is concerning. 

""We are all, by any practical definition of the words, foolproof and incapable of error."" - HAL https //t.co/F6RAJsazfo","Monroe, WA",Amateur #deepsky #astrophotography and lots of #spacepics. Instagram: https://t.co/gtYGRBjCV8,2021-08-30 23:14:05+00:00,92.0,105,2023-02-07 06:27:22+00:00
SINCE WHEN IS #ChatGPT  AWARE WTF (read last line) https //t.co/kJ3PGYI7l9,your moms pussy,"they/them
spicy dumb",2020-04-07 17:46:15+00:00,6.0,240,2023-02-10 21:24:37+00:00
"@arzutugceguler So I just wrote #chatgpt a vague description of a function I wanted (basically subsetting a tsv using a text file) and it managed to output useable code (with comments), which btw it will write in any code I can name. What is happening?!!!

(And it can grep awk sed!!!)","Charleston, SC","Analytical biochemist attempting molecular cartography across the tree of life, powered by MS-based proteomics. Opinions expressed are solely my own. he/him",2009-02-19 02:13:27+00:00,2151.0,4548,2022-12-06 04:11:09+00:00
"Few months ago, @bing got installed on my wifeâ€™s #iMac by a virus, it was very difficult to remove from @Google #Chrome. 
Today, after experimenting with @bing AI available features and requesting the #chatgpt features my @Photoshop is frozen, #taskmanager shows is @MicrosoftEdge","Maui, Hawaii, USA.","Visual Artist. NFT, Live Art, Oil Paintings, Caricatures, Commissions, Portraits, Landscapes. https://t.co/LQgZMi0sND",2008-03-10 16:38:35+00:00,287.0,11771,2023-02-12 00:18:37+00:00
"#Breaking_News  #Altcoingazette #Publishes #eBook on #Amazon #Kindle Titled 
https //t.co/83pBrF1p1W

#Dogecoin $DOGE $BTC $ETH  $LINK #dogefam #ChatGPT #quant #Tesla #SNAP #Web3 #ChatGPT  #elon_musk #Newcastle #Tomhanks #Kane #vampires #horror #KatieHobbs #libsoftiktok #Blues https //t.co/2pglQidjVM","Tallahassee, Florida","The https://t.co/dc2RRmkrZU is Cryptocurrency News Agency. Not Investment Advice. 
https://t.co/qGtxkPx4Caâ€¦",2011-11-12 01:04:47+00:00,1776.0,7966,2023-02-25 22:47:44+00:00
"Students trying to change the system is not a new phenomenon. #ChatGPT is raising the game in detecting plagiarism.

Teachers v ChatGPT  Schools face a new challenge in the fight against plagiarism https //t.co/jOIFViE5dL 
@straits_times",Singapore,Trying to lead a good life while continuing to learn and grow.,2009-10-27 08:05:46+00:00,191.0,578,2023-01-02 03:34:40+00:00
"We set #ChatGPT a series of (fairly tricky) riddles, and it effortlessly solved them - well, most of them. In two cases, the bot either got it wrong or actually ground to a halt mid-answer. How did you do? https //t.co/5u6FgLeYeg",London,Commercialise at scale @AlchemyCrewLtd | Podcast #scoutingforgrowth | Editor @InsurTECH_Book | #FinTech #InsurTech #WomeninTech #Sustainability Ambassador,2009-03-22 19:52:43+00:00,37773.0,38070,2023-03-10 19:39:00+00:00
"You can tell headlines are starting to be written by #ChatGPT theyâ€™re technically compelling, but contain no soul.","Boulder, CO",SuperVillainDAO ğŸŒ ğŸŒ± Slinger of SaaS ğŸ’» Camper ğŸ• ğŸ¿,2021-01-16 20:08:51+00:00,78.0,6163,2023-01-30 23:07:36+00:00
I think Iâ€™m the only girl in tech that had no idea how to use #ChatGPT,Charleston ,The only SaaS platform that connects contractors to those who have been affected by a disaster.,2017-11-27 05:38:27+00:00,158.0,4739,2023-03-26 04:34:01+00:00
"â€Hereâ€™s the problem  the technology is simply not ready to be used like this at this scale.Â #AI language models areÂ notorious bullshitters, often presenting falsehoods as facts.â€œ #innovation #technology #generativeai #ChatGPT https //t.co/fyGZMf1hBa",St. Gallen / Switzerland,Looking at modern innovation management for future-proof organizations @Dual_Innovation. Book author and awarded blogger. #SIEx member. Integrative thinker.,2009-05-24 11:09:02+00:00,8884.0,4042,2023-02-15 10:17:26+00:00
"On #AI and #data at #infosysconfluence, Vicki Russell says @MelbCathSchools are unlikely to ban #ChatGPT. 
'We need to evolve, work with it, don't bury it'.
#LLM #innovation #education","Bundjalung Country, NSW","Identity & data protection researcher, innovator & adviser. Founder Lockstep Consulting & Technologies; Principal Analyst Constellation Research.",2009-06-09 03:48:16+00:00,9343.0,11982,2023-01-29 02:07:35+00:00
"The Latest WhatsApp Spyware Attack What You Need to Know
#ChatGPT #cybersecurity #Hacked #Hacking #spyware #recovermyaccount #instagram #WhatsApp #twitterhacked #Facebook #SCAM #safety #Tips #recovery #Online #darkweb #roblox #DeepWeb https //t.co/Bzl9ABDeCo https //t.co/cKdOF9aVJs",United States,"Available for all kinds of account hacks,recovery,spy #hacked  #instagram #snapchat #Tiktok #facebook #Email #tinder #youtube",2012-03-13 12:46:05+00:00,24.0,1735,2023-03-12 07:31:46+00:00
"#ChatGPT and #GPT3 are hot. But letâ€™s be practical, when we want to reproduce GPT-3 or use it in our applications. Why did all of the public reproduction of GPT-3 fail? In which tasks should we use GPT-3.5/ChatGPT? Answered them in a new blog  https //t.co/ucRqxkyd1J @JingfengY https //t.co/riSw7rTSzl",Worldwide,"Life long learner serving best-in class #tech for #pharma / #healthcare to provide #NLPRoc, #computervision and #datascience based solutions",2010-07-11 07:27:52+00:00,7224.0,4971,2023-02-14 17:11:21+00:00
"ChatGPT rocks ğŸ”¥

#OpenAI #ChatGPT",India,"Programming / Coding / Googling ğŸ‘€

just write some code ğŸ§‘â€ğŸ’»",2017-10-22 09:57:34+00:00,60.0,116,2022-12-06 22:38:32+00:00
"Some argues #chatgpt is the iPhone moment, but shouldn't we compare software to software, hardware to hardware? I think it might be a google drive or facebook moment, in which it soon or later becomes a necessary tool for people's everyday life.","Taipei City, Taiwan","Work in crypto, physically in Taiwan, heart in 1001 night. BD @matterslab RT not endorsement.",2009-07-13 11:02:59+00:00,415.0,4782,2023-03-16 07:44:20+00:00
#ChatGPT   mark areas of topics where publicly available information can be expected to be low quality (notice comprehensiveness / recall here) https //t.co/N030fIyKvn,California,"Previously CTO & sw eng & product, presently interested in beneficial applications of AI",2008-11-01 07:17:47+00:00,9.0,0,2023-01-03 21:03:02+00:00
"There are ethical dilemmas in using #chatGPT for research and others, but physicians and academics need to be aware. Our patients are using it to understand their medical problems/medications etc (not sure if #chatGPT gives the right info! Scary!!)

What are you using it for?","New York, USA",Rheumatologist @HSpecialSurgery @WeillCornell ClinicalResearch | Big Data | Outcomes | Epidemiology | Disparities | Table tennis player | Tweets are my own.,2017-06-13 23:08:26+00:00,706.0,1482,2023-02-13 04:12:01+00:00
"So, after all the buzz &amp; recommendations,
I decided to checkout #ChatGPT Impressive, but I have my concerns.

alsoâ€¦ whats the height &amp; width of Google? Asking for a grave digger.",The Deenâ€™s Office.,Social Entrepreneur | Sovereign Identity Centered Character & Holistic Personal Development | Co-Founder @beastsnstables - Wealth & Asset Management.,2019-12-15 08:59:29+00:00,251.0,476,2022-12-12 06:57:07+00:00
"My internet speed is on fire today  ğŸ”¥ğŸ’¨ 
what's your internet speed this morning?
#ChatGPT  #shook #fastAF https //t.co/KcK8NghKmS",uyo,Frontend Developer || #React Js || who loves bringing designs to lifeğŸ˜Š #freelance ğŸ’» Hire me ğŸ“¨,2019-11-05 17:21:34+00:00,268.0,3376,2023-02-07 08:41:18+00:00
